idx,label,score
0,1,0.6408230066299438
1,1,0.8434562087059021
2,0,0.7336314916610718
3,1,0.7482980489730835
4,1,0.8573938608169556
5,1,0.8415221571922302
6,0,0.7036612629890442
7,1,0.7700348496437073
8,0,0.6589605212211609
9,1,0.7233238220214844
10,1,0.9522669315338135
11,0,0.7695860862731934
12,0,0.5847143530845642
13,1,0.8658223152160645
14,1,0.867452085018158
15,0,0.6633374094963074
16,0,0.7164316773414612
17,1,0.8445953130722046
18,1,0.5890170931816101
